{"10027": {"count": 1, "city": "New York", "time": 1332134686.258841}, "10025": {"count": 4, "city": "New York", "time": 1332134708.297386}}